Street,City,State,StateCode,Zip Code
225 S Olive St,Los Angeles,California,CA,90012
581 Kirts Blvd,Troy,Michigan,MI,48084
4700 E Palm Valley Blvd,Round Rock,Texas,TX,78665
5601 AL-157,Cullman,Alabama,AL,35058
8900 Old Seward Hwy,Anchorage,Arkansas,AK,99515
1175 S Arizona Ave,Chandler,Arizona,AZ,85286
9053 AR-107,Sherwood,Arizona,AR,72120
3201 E Platte Ave,Colorado Springs,Colarado,CO,80909
680 Connecticut Ave,Norwalk,Connecticut,CT,6854
3501 NJ-42,Turnersville,NewJersey,NJ,8012
33501 S Dixie Hwy,Florida City,Florida,FL,33034
6586 GA-40,St Marys,Georgia,GA,31558
1344 IL-1,Carmi,Illinois,IL,62821
10824 Parallel Pkwy,Kansas City,Kansas,KS,66109